query II rowsort
select max(animals.age), min(animals.age) from 'tests/resources/data/animals1.parquet' as animals group by animals.animal
----
2 1
4 3
6 5

query II rowsort
select max(animals.age), min(animals.age), avg(age), count(*), sum(animals.age) from 'tests/resources/data/animals1.parquet' as animals
----
6 1 3.5 6 21

query II rowsort
select max(animals.age) * 2, min(animals.age) - 1 from 'tests/resources/data/animals1.parquet' as animals group by animals.animal
----
12 4
4 0
8 2

query IIII rowsort
select max(animals.age), min(animals.age), animals.animal, animals.colour from 'tests/resources/data/animals1.parquet' as animals group by animals.animal, animals.colour
----
1 1 "dog" "red"
2 2 "dog" "blue"
3 3 "cat" "red"
4 4 "cat" "blue"
5 5 "rhino" "grey"
6 6 "rhino" "black"

query IIII rowsort
select max(animals.age) * animals.age, min(animals.age), animals.animal, animals.colour from 'tests/resources/data/animals1.parquet' as animals group by animals.animal, animals.colour
----
1 1 "dog" "red"
16 4 "cat" "blue"
25 5 "rhino" "grey"
36 6 "rhino" "black"
4 2 "dog" "blue"
9 3 "cat" "red"

query IIII rowsort
select max(animals.age) * min(animals.age) * animals.age * (animals.age * animals.age), animals.animal from 'tests/resources/data/animals1.parquet' as animals group by animals.animal
----
2 "dog"
324 "cat"
3750 "rhino"

query IIII rowsort
select max(animals.age) * min(animals.age) * animals.age * (animals.age * animals.age) as aa, animals.animal from 'tests/resources/data/animals1.parquet' as animals group by animals.animal
----
2 "dog"
324 "cat"
3750 "rhino"
