query IIIII rowsort
select * from 'tests/resources/data/movies2.parquet'
----
"a star is born" 5 6 6 1976
"avengers" null 1 null 2012
"carrie" null 3 null 1976
"django" 8 8 8 2012
"drive" 10 9 4 null
"lion king" 2 null 5 1994
"taxi driver" 9 8 7 1976
"the shawshank redemption" 10 null 10 1994

query III rowsort
select count(score1), sum(movies.score1), max(movies.score1), min(movies.score1), avg(score1) from 'tests/resources/data/movies2.parquet' as movies
----
6 44 10 2 7.3333335

query III rowsort
select count(score1), sum(movies.score1), max(movies.score1), min(movies.score1), avg(score1) from 'tests/resources/data/movies2.parquet' as movies where false
----
0 null null null null

query IIIIIIIIII rowsort
select movie, score1, score1, score2, score3, count(score1) * score1, sum(score1), max(score1), min(score1), avg(score1) from 'tests/resources/data/movies2.parquet'  where score1 != NULL group by movie
----
"a star is born" 5 5 6 6 5 5 5 5 5.0
"django" 8 8 8 8 8 8 8 8 8.0
"drive" 10 10 9 4 10 10 10 10 10.0
"lion king" 2 2 null 5 2 2 2 2 2.0
"taxi driver" 9 9 8 7 9 9 9 9 9.0
"the shawshank redemption" 10 10 null 10 10 10 10 10 10.0

query III rowsort
select count(*), score2, year from 'tests/resources/data/movies2.parquet' group by score2, year
----
1 1 2012
1 3 1976
1 6 1976
1 8 1976
1 8 2012
1 9 null
2 null 1994
