query IIII
select * from 'tests/resources/data/animals1.parquet'
----
"dog" "red" "M" 1
"dog" "blue" "M" 2
"cat" "red" "M" 3
"cat" "blue" "F" 4
"rhino" "grey" "F" 5
"rhino" "black" "F" 6

query IIII
select * from 'tests/resources/data/animals1.parquet', 'tests/resources/data/animals1.parquet'
----
"dog" "red" "M" 1 "dog" "red" "M" 1
"dog" "red" "M" 1 "dog" "blue" "M" 2
"dog" "red" "M" 1 "cat" "red" "M" 3
"dog" "red" "M" 1 "cat" "blue" "F" 4
"dog" "red" "M" 1 "rhino" "grey" "F" 5
"dog" "red" "M" 1 "rhino" "black" "F" 6
"dog" "blue" "M" 2 "dog" "red" "M" 1
"dog" "blue" "M" 2 "dog" "blue" "M" 2
"dog" "blue" "M" 2 "cat" "red" "M" 3
"dog" "blue" "M" 2 "cat" "blue" "F" 4
"dog" "blue" "M" 2 "rhino" "grey" "F" 5
"dog" "blue" "M" 2 "rhino" "black" "F" 6
"cat" "red" "M" 3 "dog" "red" "M" 1
"cat" "red" "M" 3 "dog" "blue" "M" 2
"cat" "red" "M" 3 "cat" "red" "M" 3
"cat" "red" "M" 3 "cat" "blue" "F" 4
"cat" "red" "M" 3 "rhino" "grey" "F" 5
"cat" "red" "M" 3 "rhino" "black" "F" 6
"cat" "blue" "F" 4 "dog" "red" "M" 1
"cat" "blue" "F" 4 "dog" "blue" "M" 2
"cat" "blue" "F" 4 "cat" "red" "M" 3
"cat" "blue" "F" 4 "cat" "blue" "F" 4
"cat" "blue" "F" 4 "rhino" "grey" "F" 5
"cat" "blue" "F" 4 "rhino" "black" "F" 6
"rhino" "grey" "F" 5 "dog" "red" "M" 1
"rhino" "grey" "F" 5 "dog" "blue" "M" 2
"rhino" "grey" "F" 5 "cat" "red" "M" 3
"rhino" "grey" "F" 5 "cat" "blue" "F" 4
"rhino" "grey" "F" 5 "rhino" "grey" "F" 5
"rhino" "grey" "F" 5 "rhino" "black" "F" 6
"rhino" "black" "F" 6 "dog" "red" "M" 1
"rhino" "black" "F" 6 "dog" "blue" "M" 2
"rhino" "black" "F" 6 "cat" "red" "M" 3
"rhino" "black" "F" 6 "cat" "blue" "F" 4
"rhino" "black" "F" 6 "rhino" "grey" "F" 5
"rhino" "black" "F" 6 "rhino" "black" "F" 6

query II
select * from 'tests/resources/data/animals2.parquet'
----
"dog" 1
"dog" 2

query II
select * from 'tests/resources/data/animals2.parquet', 'tests/resources/data/animals2.parquet', 'tests/resources/data/animals2.parquet'
----
"dog" 1 "dog" 1 "dog" 1
"dog" 1 "dog" 1 "dog" 2
"dog" 1 "dog" 2 "dog" 1
"dog" 1 "dog" 2 "dog" 2
"dog" 2 "dog" 1 "dog" 1
"dog" 2 "dog" 1 "dog" 2
"dog" 2 "dog" 2 "dog" 1
"dog" 2 "dog" 2 "dog" 2

query II
select 1=1
----
true

statement error Planner Error: Ambiguous field name
select animal from 'tests/resources/data/animals2.parquet', 'tests/resources/data/animals2.parquet'
