query I
select 1
----
1

query B
select 1=1
----
true

statement error Identifier not found in columns
select column_dne
